"seq_id","twist_seq"
"rs10249404_Non-Ref_A","ACTGGCCGCTTGACGTCAGTTAGAAGTCCTAAAGGCCCGGAGTTGCAACTGATGGGGGTTAGGAGGGGCAGTCATGGTGACTGAGTCCTCACCCTGTGCAATCTGACCCTATCTCCTGGTAAATAGTGCAGGAACTGAACTAAAAGACACCCAGTGCAGAAAGTGAACTAGAAGACACCCAGCTGCACTGCGGCTCCTGC"
"rs10249404_Ref_G","ACTGGCCGCTTGACGTCAGTTAGAAGTCCTAAAGGCCCGGAGTTGCAACTGATGGGGGTTAGGAGGGGCAGTCATGGTGACTGAGTCCTCACCCTGTGCGATCTGACCCTATCTCCTGGTAAATAGTGCAGGAACTGAACTAAAAGACACCCAGTGCAGAAAGTGAACTAGAAGACACCCAGCTGCACTGCGGCTCCTGC"
"rs1056008_Non-Ref_C","ACTGGCCGCTTGACGCCCCAGGAAGACTCAGTGGCTGAACCAGGTGGAGTCGTACATCGCAGAGCAGAGACGGGGTGACAGGATGCGGCCTCAGGCCCCCGGAAGGGGCTGGCATGGGGAGGAGGAAGTGGTGGCGGCCGCAGGCCAGGAAGGACAAGTGGAGGGAGAGGAAGAGGGGGAAGAAGCACTGCGGCTCCTGC"
"rs1056008_Ref_T","ACTGGCCGCTTGACGCCCCAGGAAGACTCAGTGGCTGAACCAGGTGGAGTCGTACATCGCAGAGCAGAGACGGGGTGACAGGATGCGGCCTCAGGCCCCTGGAAGGGGCTGGCATGGGGAGGAGGAAGTGGTGGCGGCCGCAGGCCAGGAAGGACAAGTGGAGGGAGAGGAAGAGGGGGAAGAAGCACTGCGGCTCCTGC"
"rs11080327_Non-Ref_A","ACTGGCCGCTTGACGATGAGAGCAATGGCTAAAGTTTGTCTGGCCTCGCCCTATGAGAAGGGGGCGGAGGCTGTGCCTGCCTTTGTGGGGGAAAAAGAAACCGATTCCTAATCTGTCTGTCTCATGGGAGGTGAGAGTTCCTGTGGCAGGATAACAGACAAGCAATTCAGTGTGATAACATCCTGCACTGCGGCTCCTGC"
"rs11080327_Ref_G","ACTGGCCGCTTGACGATGAGAGCAATGGCTAAAGTTTGTCTGGCCTCGCCCTATGAGAAGGGGGCGGAGGCTGTGCCTGCCTTTGTGGGGGAAAAAGAAGCCGATTCCTAATCTGTCTGTCTCATGGGAGGTGAGAGTTCCTGTGGCAGGATAACAGACAAGCAATTCAGTGTGATAACATCCTGCACTGCGGCTCCTGC"
"rs11702929_Non-Ref_C","ACTGGCCGCTTGACGTTCCTGGGCTGTGTGACCACAGGCAAGTCCCTTAACCTCGCTAAGTCTCAGTTCCTTCTCTTGGCACCCACTTCCCAGGGCTGACGTGAGAAAGAAATGACATGTCGAAGCAGATCCAGCACTTTCTGGGCTCAACAAAGTGAATCCTGTTTCTTTTACTACAGGACTTTCACTGCGGCTCCTGC"
"rs11702929_Ref_T","ACTGGCCGCTTGACGTTCCTGGGCTGTGTGACCACAGGCAAGTCCCTTAACCTCGCTAAGTCTCAGTTCCTTCTCTTGGCACCCACTTCCCAGGGCTGATGTGAGAAAGAAATGACATGTCGAAGCAGATCCAGCACTTTCTGGGCTCAACAAAGTGAATCCTGTTTCTTTTACTACAGGACTTTCACTGCGGCTCCTGC"
"rs11880872_Non-Ref_G","ACTGGCCGCTTGACGGTCTCCTTTGCAAAAGAAAATGTGCCAAGAAGGTGGGTGGGGGGGGTCCCCAGCTGTGTCAGTACACATTCATCTCTCAGGCAAGTCTAGACATCCAGCCAGAGACTCAAAGCTCAGGGCCGGAATTATCTAGCTGGATGGTCCCTAAAAAAGACGTGCCACTTAGAAGCCACTGCGGCTCCTGC"
"rs11880872_Ref_A","ACTGGCCGCTTGACGGTCTCCTTTGCAAAAGAAAATGTGCCAAGAAGGTGGGTGGGGGGGGTCCCCAGCTGTGTCAGTACACATTCATCTCTCAGGCAAATCTAGACATCCAGCCAGAGACTCAAAGCTCAGGGCCGGAATTATCTAGCTGGATGGTCCCTAAAAAAGACGTGCCACTTAGAAGCCACTGCGGCTCCTGC"
"rs147887366_Non-Ref_T","ACTGGCCGCTTGACGAATCTCCTGGTTGAGTCTACTTTTTAGAAAGTGATTTATACAATGATTTAGACCCTTTATTAGGCTGGGTGTGGTGGCTCACGCTGGTAATCCTAGCACTTTGGGAGGCCGAGGTGGGCAGATTGCCTCAGCTCAGGAGTTCAAGACCAGCCTAGGCTATGTGGCAAAACCACTGCGGCTCCTGC"
"rs147887366_Ref_C","ACTGGCCGCTTGACGAATCTCCTGGTTGAGTCTACTTTTTAGAAAGTGATTTATACAATGATTTAGACCCTTTATTAGGCTGGGTGTGGTGGCTCACGCCGGTAATCCTAGCACTTTGGGAGGCCGAGGTGGGCAGATTGCCTCAGCTCAGGAGTTCAAGACCAGCCTAGGCTATGTGGCAAAACCACTGCGGCTCCTGC"
"rs2191501_Non-Ref_T","ACTGGCCGCTTGACGCACCTGAGGTTGGGAGTTCGAAACCAGCCTGACCAACATGGGGAAACCCCGTCTCTGCTAAAAATACAAAATTAGCCAGGCGTGTTGGTGCATGCCTGTAATCCCAGCTACTCGGGAGGCTGAGGCAGGAGAATCGCTTGAACCCGGGAGGCAGAGGTTGCGATGAGCCGCACTGCGGCTCCTGC"
"rs2191501_Ref_G","ACTGGCCGCTTGACGCACCTGAGGTTGGGAGTTCGAAACCAGCCTGACCAACATGGGGAAACCCCGTCTCTGCTAAAAATACAAAATTAGCCAGGCGTGGTGGTGCATGCCTGTAATCCCAGCTACTCGGGAGGCTGAGGCAGGAGAATCGCTTGAACCCGGGAGGCAGAGGTTGCGATGAGCCGCACTGCGGCTCCTGC"
"rs2458206_Non-Ref_C","ACTGGCCGCTTGACGAGGGAGGCTGGGCGCCGTGGCTCACGCCTGTAATCCCAGCACTTTGGGAGGCTGAGGTGGGCAGATCACTTAAGGTCAGGAGTTCGAGACCAGCCTGGGCAACAAGGTGCAGCCCTGTCTCTACAAAAAATACAAAATTTAGGCTGGGTGCTGTGGCTCATGCCTGTAATCACTGCGGCTCCTGC"
"rs2458206_Ref_T","ACTGGCCGCTTGACGAGGGAGGCTGGGCGCCGTGGCTCACGCCTGTAATCCCAGCACTTTGGGAGGCTGAGGTGGGCAGATCACTTAAGGTCAGGAGTTTGAGACCAGCCTGGGCAACAAGGTGCAGCCCTGTCTCTACAAAAAATACAAAATTTAGGCTGGGTGCTGTGGCTCATGCCTGTAATCACTGCGGCTCCTGC"
"rs2978268_Non-Ref_A","ACTGGCCGCTTGACGGTGCAATCTTGGCTCATTGCAACTTCCACCTCCCAGGCTCATGTGATTCTCAGCCTCTAAAGTAGCTGCGGTTACAGGCATGTGACAACACACCTGGTTAATTTCTTTTTGTATTTTTAGTAGAGACGGGGTTTCACCATGTTGGCCAGGCTGGTCTCAAACTCAAGTGACACTGCGGCTCCTGC"
"rs2978268_Ref_C","ACTGGCCGCTTGACGGTGCAATCTTGGCTCATTGCAACTTCCACCTCCCAGGCTCATGTGATTCTCAGCCTCTAAAGTAGCTGCGGTTACAGGCATGTGCCAACACACCTGGTTAATTTCTTTTTGTATTTTTAGTAGAGACGGGGTTTCACCATGTTGGCCAGGCTGGTCTCAAACTCAAGTGACACTGCGGCTCCTGC"
"rs342518_Non-Ref_A","ACTGGCCGCTTGACGATCCCATCTCAGGCAAGAATAGGCCTAGGGGCAAGCACAGCTGGCAAGTGACTCAGGCCTGGGCAGGATCTAGAATAAAGAGGAAGCGAGAGAGGCGTGCATAGCTGAGGCTATTTTTACCCAGACCTGTGCAAACAGAGGCATGAGCTGGTCTGGCCAGTTCCTCCCCTCACTGCGGCTCCTGC"
"rs342518_Ref_G","ACTGGCCGCTTGACGATCCCATCTCAGGCAAGAATAGGCCTAGGGGCAAGCACAGCTGGCAAGTGACTCAGGCCTGGGCAGGATCTAGAATAAAGAGGAGGCGAGAGAGGCGTGCATAGCTGAGGCTATTTTTACCCAGACCTGTGCAAACAGAGGCATGAGCTGGTCTGGCCAGTTCCTCCCCTCACTGCGGCTCCTGC"
"rs35172875_Non-Ref_G","ACTGGCCGCTTGACGTACAGAAGCTTAGGACCCACTCCAGACTTACTAGATCTTTTCACTTGATATTCTGGATACATTATTGGTACATAATATCTAGGAGTATTGCTATATTTCAAGATTCATTTCTCTGTAAAGTTTATGCTCATCTGCTTTTATAAATCAGATATAATATTACATCCTTTAACCACTGCGGCTCCTGC"
"rs35172875_Ref_T","ACTGGCCGCTTGACGTACAGAAGCTTAGGACCCACTCCAGACTTACTAGATCTTTTCACTTGATATTCTGGATACATTATTGGTACATAATATCTAGGATTATTGCTATATTTCAAGATTCATTTCTCTGTAAAGTTTATGCTCATCTGCTTTTATAAATCAGATATAATATTACATCCTTTAACCACTGCGGCTCCTGC"
"rs3784275_Non-Ref_A","ACTGGCCGCTTGACGACAGGTGGGCACACAACCCCGAGGGCATCTGGATCTGGGAGTGTGTGTGAGAGAAATGGCAGGACAAGTCATAATGCATGGAAAAGTACCTACTTGTCACGGGTATGACCACTCATTTGTCTCCTGCCCCCAACCGAAACCTTTTCTATCTTAGGGTTTTTCCTTTTATCCACTGCGGCTCCTGC"
"rs3784275_Ref_G","ACTGGCCGCTTGACGACAGGTGGGCACACAACCCCGAGGGCATCTGGATCTGGGAGTGTGTGTGAGAGAAATGGCAGGACAAGTCATAATGCATGGAAAGGTACCTACTTGTCACGGGTATGACCACTCATTTGTCTCCTGCCCCCAACCGAAACCTTTTCTATCTTAGGGTTTTTCCTTTTATCCACTGCGGCTCCTGC"
"rs59595374_Non-Ref_G","ACTGGCCGCTTGACGATGTGTTTCAGTTTCAGTTATGCAGAAGAGCTGAGAAGAATTACTAACCAGGGTATATGCCTTTGAAATCCCCTCTTTAGTTTTGTTTTCCCCTAAAATGAGATCTTTTCAATCCTCTTGGTTTGTGTCTGAAAATCTCAGTGGCCTGAGAACACAAAGGAAATTGATTCCACTGCGGCTCCTGC"
"rs59595374_Ref_T","ACTGGCCGCTTGACGATGTGTTTCAGTTTCAGTTATGCAGAAGAGCTGAGAAGAATTACTAACCAGGGTATATGCCTTTGAAATCCCCTCTTTAGTTTTTTTTTCCCCTAAAATGAGATCTTTTCAATCCTCTTGGTTTGTGTCTGAAAATCTCAGTGGCCTGAGAACACAAAGGAAATTGATTCCACTGCGGCTCCTGC"
"rs62055498_Non-Ref_A","ACTGGCCGCTTGACGCAGTGAGGTCTGATCACAGTATTACACTTCAGCCTGGGTGACAGAGTGAGACCCTGTATCTAAATAAAATAAGTATCAATGCCAAACTATAGGTCATGAGATTTGACTCAGATCTTAATATTTTGGTAACTTTTAAATTTCCGATTATATCTTCCATAAAGTAGGATTTCCACTGCGGCTCCTGC"
"rs62055498_Ref_G","ACTGGCCGCTTGACGCAGTGAGGTCTGATCACAGTATTACACTTCAGCCTGGGTGACAGAGTGAGACCCTGTATCTAAATAAAATAAGTATCAATGCCAGACTATAGGTCATGAGATTTGACTCAGATCTTAATATTTTGGTAACTTTTAAATTTCCGATTATATCTTCCATAAAGTAGGATTTCCACTGCGGCTCCTGC"
"rs7084725_Non-Ref_A","ACTGGCCGCTTGACGGGAGGCTGAGGCAGGAGAATCACTGAACCTGGGAGGCAGAGGTTGCAGTGAGCCAAAATTGTGCCATTGCACTCCAGCCTGGTCAACAAGAGTGAAACTCCATCTCAAAAAAATATATATATATTTTTTCTCTTCTATAATGATTTGCTTTGTGGTTAAGAATGCAAGCTCACTGCGGCTCCTGC"
"rs7084725_Ref_G","ACTGGCCGCTTGACGGGAGGCTGAGGCAGGAGAATCACTGAACCTGGGAGGCAGAGGTTGCAGTGAGCCAAAATTGTGCCATTGCACTCCAGCCTGGTCGACAAGAGTGAAACTCCATCTCAAAAAAATATATATATATTTTTTCTCTTCTATAATGATTTGCTTTGTGGTTAAGAATGCAAGCTCACTGCGGCTCCTGC"
"rs7204877_Non-Ref_G","ACTGGCCGCTTGACGATGTTCATTTGATTTAATACATTGAAATGTAGTTTAAAAACATATATTCAAATATCTTTTCTCTAACAAGTGAAGGAATAATTTGTTTACAAATGTAGAAATAATTTTACTGTAAGCAGTTGCTTTAGGGGCTGTCTTTTATAGTATTGTATTATTTTGAACATTAAAAACACTGCGGCTCCTGC"
"rs7204877_Ref_A","ACTGGCCGCTTGACGATGTTCATTTGATTTAATACATTGAAATGTAGTTTAAAAACATATATTCAAATATCTTTTCTCTAACAAGTGAAGGAATAATTTATTTACAAATGTAGAAATAATTTTACTGTAAGCAGTTGCTTTAGGGGCTGTCTTTTATAGTATTGTATTATTTTGAACATTAAAAACACTGCGGCTCCTGC"
"rs73639964_Non-Ref-1_C","ACTGGCCGCTTGACGGTGTATTGTAAATTTCAGTATTATGATGTAAAATGTTAAAGGAAGAAATTATAGCAGTTCTACCTAAACACTTTTAAAAAATTACAAGTGAAGGGAACACCTCCCAATTCATTGCATAGGGCCAGCATAACCCTGATACTCAACTCTTGCAAAGGAAAACTGTAGACCCACACTGCGGCTCCTGC"
"rs73639964_Non-Ref-2_T","ACTGGCCGCTTGACGGTGTATTGTAAATTTCAGTATTATGATGTAAAATGTTAAAGGAAGAAATTATAGCAGTTCTACCTAAACACTTTTAAAAAATTATAAGTGAAGGGAACACCTCCCAATTCATTGCATAGGGCCAGCATAACCCTGATACTCAACTCTTGCAAAGGAAAACTGTAGACCCACACTGCGGCTCCTGC"
"rs73639964_Ref_G","ACTGGCCGCTTGACGGTGTATTGTAAATTTCAGTATTATGATGTAAAATGTTAAAGGAAGAAATTATAGCAGTTCTACCTAAACACTTTTAAAAAATTAGAAGTGAAGGGAACACCTCCCAATTCATTGCATAGGGCCAGCATAACCCTGATACTCAACTCTTGCAAAGGAAAACTGTAGACCCACACTGCGGCTCCTGC"
"rs7646144_Non-Ref_A","ACTGGCCGCTTGACGTCTTCATTTTATTGATACGTAGATCTCTGCTTAGAAGGCAATTTTAGTTTTAAATTATAAATTTTTTGTTCATTATTCACGGAAAACTAGGTTTGCCATGGGGTATTAATAAATGTTGCACGAATGAAGGGTTTTCTAGTCAAATAGGTTAGAACACATTGGGTTAAACACACTGCGGCTCCTGC"
"rs7646144_Ref_T","ACTGGCCGCTTGACGTCTTCATTTTATTGATACGTAGATCTCTGCTTAGAAGGCAATTTTAGTTTTAAATTATAAATTTTTTGTTCATTATTCACGGAATACTAGGTTTGCCATGGGGTATTAATAAATGTTGCACGAATGAAGGGTTTTCTAGTCAAATAGGTTAGAACACATTGGGTTAAACACACTGCGGCTCCTGC"
"rs80347459_Non-Ref_T","ACTGGCCGCTTGACGGGCATGCTCATGAACCTTTTGAAGTTGGTCTCCTCCCAGTTGATTCAGACTCAGTCATGTCAGCCCTGAGCCAGCAAGCCTCCATAAGCACTGGGCACTCCAGTGTGTCACCAGAGAAGACCAGGGACTAGAAGAGCCCCAGGTGCTCAAAGCAGTCGCACAGGATTGCCCACTGCGGCTCCTGC"
"rs80347459_Ref_C","ACTGGCCGCTTGACGGGCATGCTCATGAACCTTTTGAAGTTGGTCTCCTCCCAGTTGATTCAGACTCAGTCATGTCAGCCCTGAGCCAGCAAGCCTCCACAAGCACTGGGCACTCCAGTGTGTCACCAGAGAAGACCAGGGACTAGAAGAGCCCCAGGTGCTCAAAGCAGTCGCACAGGATTGCCCACTGCGGCTCCTGC"
"rs9283753_Non-Ref_T","ACTGGCCGCTTGACGTTCTAATCAATAAAATGAGAGTCACGAGCTAATTTAAAGAATGTCTGACCCAGCTTTAAAATTCTAAGAGGCTGTAATCTTGCATCATATGGAATTCCCCAAATTGTTTGTCTTAACTTTAGCGAAGACTAAAATTAGCTAACGGTGGCAGTTGGATTGGGCAGACATCACACTGCGGCTCCTGC"
"rs9283753_Ref_C","ACTGGCCGCTTGACGTTCTAATCAATAAAATGAGAGTCACGAGCTAATTTAAAGAATGTCTGACCCAGCTTTAAAATTCTAAGAGGCTGTAATCTTGCACCATATGGAATTCCCCAAATTGTTTGTCTTAACTTTAGCGAAGACTAAAATTAGCTAACGGTGGCAGTTGGATTGGGCAGACATCACACTGCGGCTCCTGC"
"rs10249404_Non-Ref_A_RC","GCAGGAGCCGCAGTGCAGCTGGGTGTCTTCTAGTTCACTTTCTGCACTGGGTGTCTTTTAGTTCAGTTCCTGCACTATTTACCAGGAGATAGGGTCAGATTGCACAGGGTGAGGACTCAGTCACCATGACTGCCCCTCCTAACCCCCATCAGTTGCAACTCCGGGCCTTTAGGACTTCTAACTGACGTCAAGCGGCCAGT"
"rs10249404_Ref_G_RC","GCAGGAGCCGCAGTGCAGCTGGGTGTCTTCTAGTTCACTTTCTGCACTGGGTGTCTTTTAGTTCAGTTCCTGCACTATTTACCAGGAGATAGGGTCAGATCGCACAGGGTGAGGACTCAGTCACCATGACTGCCCCTCCTAACCCCCATCAGTTGCAACTCCGGGCCTTTAGGACTTCTAACTGACGTCAAGCGGCCAGT"
"rs1056008_Non-Ref_C_RC","GCAGGAGCCGCAGTGCTTCTTCCCCCTCTTCCTCTCCCTCCACTTGTCCTTCCTGGCCTGCGGCCGCCACCACTTCCTCCTCCCCATGCCAGCCCCTTCCGGGGGCCTGAGGCCGCATCCTGTCACCCCGTCTCTGCTCTGCGATGTACGACTCCACCTGGTTCAGCCACTGAGTCTTCCTGGGGCGTCAAGCGGCCAGT"
"rs1056008_Ref_T_RC","GCAGGAGCCGCAGTGCTTCTTCCCCCTCTTCCTCTCCCTCCACTTGTCCTTCCTGGCCTGCGGCCGCCACCACTTCCTCCTCCCCATGCCAGCCCCTTCCAGGGGCCTGAGGCCGCATCCTGTCACCCCGTCTCTGCTCTGCGATGTACGACTCCACCTGGTTCAGCCACTGAGTCTTCCTGGGGCGTCAAGCGGCCAGT"
"rs11080327_Non-Ref_A_RC","GCAGGAGCCGCAGTGCAGGATGTTATCACACTGAATTGCTTGTCTGTTATCCTGCCACAGGAACTCTCACCTCCCATGAGACAGACAGATTAGGAATCGGTTTCTTTTTCCCCCACAAAGGCAGGCACAGCCTCCGCCCCCTTCTCATAGGGCGAGGCCAGACAAACTTTAGCCATTGCTCTCATCGTCAAGCGGCCAGT"
"rs11080327_Ref_G_RC","GCAGGAGCCGCAGTGCAGGATGTTATCACACTGAATTGCTTGTCTGTTATCCTGCCACAGGAACTCTCACCTCCCATGAGACAGACAGATTAGGAATCGGCTTCTTTTTCCCCCACAAAGGCAGGCACAGCCTCCGCCCCCTTCTCATAGGGCGAGGCCAGACAAACTTTAGCCATTGCTCTCATCGTCAAGCGGCCAGT"
"rs11702929_Non-Ref_C_RC","GCAGGAGCCGCAGTGAAAGTCCTGTAGTAAAAGAAACAGGATTCACTTTGTTGAGCCCAGAAAGTGCTGGATCTGCTTCGACATGTCATTTCTTTCTCACGTCAGCCCTGGGAAGTGGGTGCCAAGAGAAGGAACTGAGACTTAGCGAGGTTAAGGGACTTGCCTGTGGTCACACAGCCCAGGAACGTCAAGCGGCCAGT"
"rs11702929_Ref_T_RC","GCAGGAGCCGCAGTGAAAGTCCTGTAGTAAAAGAAACAGGATTCACTTTGTTGAGCCCAGAAAGTGCTGGATCTGCTTCGACATGTCATTTCTTTCTCACATCAGCCCTGGGAAGTGGGTGCCAAGAGAAGGAACTGAGACTTAGCGAGGTTAAGGGACTTGCCTGTGGTCACACAGCCCAGGAACGTCAAGCGGCCAGT"
"rs11880872_Non-Ref_G_RC","GCAGGAGCCGCAGTGGCTTCTAAGTGGCACGTCTTTTTTAGGGACCATCCAGCTAGATAATTCCGGCCCTGAGCTTTGAGTCTCTGGCTGGATGTCTAGACTTGCCTGAGAGATGAATGTGTACTGACACAGCTGGGGACCCCCCCCACCCACCTTCTTGGCACATTTTCTTTTGCAAAGGAGACCGTCAAGCGGCCAGT"
"rs11880872_Ref_A_RC","GCAGGAGCCGCAGTGGCTTCTAAGTGGCACGTCTTTTTTAGGGACCATCCAGCTAGATAATTCCGGCCCTGAGCTTTGAGTCTCTGGCTGGATGTCTAGATTTGCCTGAGAGATGAATGTGTACTGACACAGCTGGGGACCCCCCCCACCCACCTTCTTGGCACATTTTCTTTTGCAAAGGAGACCGTCAAGCGGCCAGT"
"rs147887366_Non-Ref_T_RC","GCAGGAGCCGCAGTGGTTTTGCCACATAGCCTAGGCTGGTCTTGAACTCCTGAGCTGAGGCAATCTGCCCACCTCGGCCTCCCAAAGTGCTAGGATTACCAGCGTGAGCCACCACACCCAGCCTAATAAAGGGTCTAAATCATTGTATAAATCACTTTCTAAAAAGTAGACTCAACCAGGAGATTCGTCAAGCGGCCAGT"
"rs147887366_Ref_C_RC","GCAGGAGCCGCAGTGGTTTTGCCACATAGCCTAGGCTGGTCTTGAACTCCTGAGCTGAGGCAATCTGCCCACCTCGGCCTCCCAAAGTGCTAGGATTACCGGCGTGAGCCACCACACCCAGCCTAATAAAGGGTCTAAATCATTGTATAAATCACTTTCTAAAAAGTAGACTCAACCAGGAGATTCGTCAAGCGGCCAGT"
"rs2191501_Non-Ref_T_RC","GCAGGAGCCGCAGTGCGGCTCATCGCAACCTCTGCCTCCCGGGTTCAAGCGATTCTCCTGCCTCAGCCTCCCGAGTAGCTGGGATTACAGGCATGCACCAACACGCCTGGCTAATTTTGTATTTTTAGCAGAGACGGGGTTTCCCCATGTTGGTCAGGCTGGTTTCGAACTCCCAACCTCAGGTGCGTCAAGCGGCCAGT"
"rs2191501_Ref_G_RC","GCAGGAGCCGCAGTGCGGCTCATCGCAACCTCTGCCTCCCGGGTTCAAGCGATTCTCCTGCCTCAGCCTCCCGAGTAGCTGGGATTACAGGCATGCACCACCACGCCTGGCTAATTTTGTATTTTTAGCAGAGACGGGGTTTCCCCATGTTGGTCAGGCTGGTTTCGAACTCCCAACCTCAGGTGCGTCAAGCGGCCAGT"
"rs2458206_Non-Ref_C_RC","GCAGGAGCCGCAGTGATTACAGGCATGAGCCACAGCACCCAGCCTAAATTTTGTATTTTTTGTAGAGACAGGGCTGCACCTTGTTGCCCAGGCTGGTCTCGAACTCCTGACCTTAAGTGATCTGCCCACCTCAGCCTCCCAAAGTGCTGGGATTACAGGCGTGAGCCACGGCGCCCAGCCTCCCTCGTCAAGCGGCCAGT"
"rs2458206_Ref_T_RC","GCAGGAGCCGCAGTGATTACAGGCATGAGCCACAGCACCCAGCCTAAATTTTGTATTTTTTGTAGAGACAGGGCTGCACCTTGTTGCCCAGGCTGGTCTCAAACTCCTGACCTTAAGTGATCTGCCCACCTCAGCCTCCCAAAGTGCTGGGATTACAGGCGTGAGCCACGGCGCCCAGCCTCCCTCGTCAAGCGGCCAGT"
"rs2978268_Non-Ref_A_RC","GCAGGAGCCGCAGTGTCACTTGAGTTTGAGACCAGCCTGGCCAACATGGTGAAACCCCGTCTCTACTAAAAATACAAAAAGAAATTAACCAGGTGTGTTGTCACATGCCTGTAACCGCAGCTACTTTAGAGGCTGAGAATCACATGAGCCTGGGAGGTGGAAGTTGCAATGAGCCAAGATTGCACCGTCAAGCGGCCAGT"
"rs2978268_Ref_C_RC","GCAGGAGCCGCAGTGTCACTTGAGTTTGAGACCAGCCTGGCCAACATGGTGAAACCCCGTCTCTACTAAAAATACAAAAAGAAATTAACCAGGTGTGTTGGCACATGCCTGTAACCGCAGCTACTTTAGAGGCTGAGAATCACATGAGCCTGGGAGGTGGAAGTTGCAATGAGCCAAGATTGCACCGTCAAGCGGCCAGT"
"rs342518_Non-Ref_A_RC","GCAGGAGCCGCAGTGAGGGGAGGAACTGGCCAGACCAGCTCATGCCTCTGTTTGCACAGGTCTGGGTAAAAATAGCCTCAGCTATGCACGCCTCTCTCGCTTCCTCTTTATTCTAGATCCTGCCCAGGCCTGAGTCACTTGCCAGCTGTGCTTGCCCCTAGGCCTATTCTTGCCTGAGATGGGATCGTCAAGCGGCCAGT"
"rs342518_Ref_G_RC","GCAGGAGCCGCAGTGAGGGGAGGAACTGGCCAGACCAGCTCATGCCTCTGTTTGCACAGGTCTGGGTAAAAATAGCCTCAGCTATGCACGCCTCTCTCGCCTCCTCTTTATTCTAGATCCTGCCCAGGCCTGAGTCACTTGCCAGCTGTGCTTGCCCCTAGGCCTATTCTTGCCTGAGATGGGATCGTCAAGCGGCCAGT"
"rs35172875_Non-Ref_G_RC","GCAGGAGCCGCAGTGGTTAAAGGATGTAATATTATATCTGATTTATAAAAGCAGATGAGCATAAACTTTACAGAGAAATGAATCTTGAAATATAGCAATACTCCTAGATATTATGTACCAATAATGTATCCAGAATATCAAGTGAAAAGATCTAGTAAGTCTGGAGTGGGTCCTAAGCTTCTGTACGTCAAGCGGCCAGT"
"rs35172875_Ref_T_RC","GCAGGAGCCGCAGTGGTTAAAGGATGTAATATTATATCTGATTTATAAAAGCAGATGAGCATAAACTTTACAGAGAAATGAATCTTGAAATATAGCAATAATCCTAGATATTATGTACCAATAATGTATCCAGAATATCAAGTGAAAAGATCTAGTAAGTCTGGAGTGGGTCCTAAGCTTCTGTACGTCAAGCGGCCAGT"
"rs3784275_Non-Ref_A_RC","GCAGGAGCCGCAGTGGATAAAAGGAAAAACCCTAAGATAGAAAAGGTTTCGGTTGGGGGCAGGAGACAAATGAGTGGTCATACCCGTGACAAGTAGGTACTTTTCCATGCATTATGACTTGTCCTGCCATTTCTCTCACACACACTCCCAGATCCAGATGCCCTCGGGGTTGTGTGCCCACCTGTCGTCAAGCGGCCAGT"
"rs3784275_Ref_G_RC","GCAGGAGCCGCAGTGGATAAAAGGAAAAACCCTAAGATAGAAAAGGTTTCGGTTGGGGGCAGGAGACAAATGAGTGGTCATACCCGTGACAAGTAGGTACCTTTCCATGCATTATGACTTGTCCTGCCATTTCTCTCACACACACTCCCAGATCCAGATGCCCTCGGGGTTGTGTGCCCACCTGTCGTCAAGCGGCCAGT"
"rs59595374_Non-Ref_G_RC","GCAGGAGCCGCAGTGGAATCAATTTCCTTTGTGTTCTCAGGCCACTGAGATTTTCAGACACAAACCAAGAGGATTGAAAAGATCTCATTTTAGGGGAAAACAAAACTAAAGAGGGGATTTCAAAGGCATATACCCTGGTTAGTAATTCTTCTCAGCTCTTCTGCATAACTGAAACTGAAACACATCGTCAAGCGGCCAGT"
"rs59595374_Ref_T_RC","GCAGGAGCCGCAGTGGAATCAATTTCCTTTGTGTTCTCAGGCCACTGAGATTTTCAGACACAAACCAAGAGGATTGAAAAGATCTCATTTTAGGGGAAAAAAAAACTAAAGAGGGGATTTCAAAGGCATATACCCTGGTTAGTAATTCTTCTCAGCTCTTCTGCATAACTGAAACTGAAACACATCGTCAAGCGGCCAGT"
"rs62055498_Non-Ref_A_RC","GCAGGAGCCGCAGTGGAAATCCTACTTTATGGAAGATATAATCGGAAATTTAAAAGTTACCAAAATATTAAGATCTGAGTCAAATCTCATGACCTATAGTTTGGCATTGATACTTATTTTATTTAGATACAGGGTCTCACTCTGTCACCCAGGCTGAAGTGTAATACTGTGATCAGACCTCACTGCGTCAAGCGGCCAGT"
"rs62055498_Ref_G_RC","GCAGGAGCCGCAGTGGAAATCCTACTTTATGGAAGATATAATCGGAAATTTAAAAGTTACCAAAATATTAAGATCTGAGTCAAATCTCATGACCTATAGTCTGGCATTGATACTTATTTTATTTAGATACAGGGTCTCACTCTGTCACCCAGGCTGAAGTGTAATACTGTGATCAGACCTCACTGCGTCAAGCGGCCAGT"
"rs7084725_Non-Ref_A_RC","GCAGGAGCCGCAGTGAGCTTGCATTCTTAACCACAAAGCAAATCATTATAGAAGAGAAAAAATATATATATATTTTTTTGAGATGGAGTTTCACTCTTGTTGACCAGGCTGGAGTGCAATGGCACAATTTTGGCTCACTGCAACCTCTGCCTCCCAGGTTCAGTGATTCTCCTGCCTCAGCCTCCCGTCAAGCGGCCAGT"
"rs7084725_Ref_G_RC","GCAGGAGCCGCAGTGAGCTTGCATTCTTAACCACAAAGCAAATCATTATAGAAGAGAAAAAATATATATATATTTTTTTGAGATGGAGTTTCACTCTTGTCGACCAGGCTGGAGTGCAATGGCACAATTTTGGCTCACTGCAACCTCTGCCTCCCAGGTTCAGTGATTCTCCTGCCTCAGCCTCCCGTCAAGCGGCCAGT"
"rs7204877_Non-Ref_G_RC","GCAGGAGCCGCAGTGTTTTTAATGTTCAAAATAATACAATACTATAAAAGACAGCCCCTAAAGCAACTGCTTACAGTAAAATTATTTCTACATTTGTAAACAAATTATTCCTTCACTTGTTAGAGAAAAGATATTTGAATATATGTTTTTAAACTACATTTCAATGTATTAAATCAAATGAACATCGTCAAGCGGCCAGT"
"rs7204877_Ref_A_RC","GCAGGAGCCGCAGTGTTTTTAATGTTCAAAATAATACAATACTATAAAAGACAGCCCCTAAAGCAACTGCTTACAGTAAAATTATTTCTACATTTGTAAATAAATTATTCCTTCACTTGTTAGAGAAAAGATATTTGAATATATGTTTTTAAACTACATTTCAATGTATTAAATCAAATGAACATCGTCAAGCGGCCAGT"
"rs73639964_Non-Ref-1_C_RC","GCAGGAGCCGCAGTGTGGGTCTACAGTTTTCCTTTGCAAGAGTTGAGTATCAGGGTTATGCTGGCCCTATGCAATGAATTGGGAGGTGTTCCCTTCACTTGTAATTTTTTAAAAGTGTTTAGGTAGAACTGCTATAATTTCTTCCTTTAACATTTTACATCATAATACTGAAATTTACAATACACCGTCAAGCGGCCAGT"
"rs73639964_Non-Ref-2_T_RC","GCAGGAGCCGCAGTGTGGGTCTACAGTTTTCCTTTGCAAGAGTTGAGTATCAGGGTTATGCTGGCCCTATGCAATGAATTGGGAGGTGTTCCCTTCACTTATAATTTTTTAAAAGTGTTTAGGTAGAACTGCTATAATTTCTTCCTTTAACATTTTACATCATAATACTGAAATTTACAATACACCGTCAAGCGGCCAGT"
"rs73639964_Ref_G_RC","GCAGGAGCCGCAGTGTGGGTCTACAGTTTTCCTTTGCAAGAGTTGAGTATCAGGGTTATGCTGGCCCTATGCAATGAATTGGGAGGTGTTCCCTTCACTTCTAATTTTTTAAAAGTGTTTAGGTAGAACTGCTATAATTTCTTCCTTTAACATTTTACATCATAATACTGAAATTTACAATACACCGTCAAGCGGCCAGT"
"rs7646144_Non-Ref_A_RC","GCAGGAGCCGCAGTGTGTTTAACCCAATGTGTTCTAACCTATTTGACTAGAAAACCCTTCATTCGTGCAACATTTATTAATACCCCATGGCAAACCTAGTTTTCCGTGAATAATGAACAAAAAATTTATAATTTAAAACTAAAATTGCCTTCTAAGCAGAGATCTACGTATCAATAAAATGAAGACGTCAAGCGGCCAGT"
"rs7646144_Ref_T_RC","GCAGGAGCCGCAGTGTGTTTAACCCAATGTGTTCTAACCTATTTGACTAGAAAACCCTTCATTCGTGCAACATTTATTAATACCCCATGGCAAACCTAGTATTCCGTGAATAATGAACAAAAAATTTATAATTTAAAACTAAAATTGCCTTCTAAGCAGAGATCTACGTATCAATAAAATGAAGACGTCAAGCGGCCAGT"
"rs80347459_Non-Ref_T_RC","GCAGGAGCCGCAGTGGGCAATCCTGTGCGACTGCTTTGAGCACCTGGGGCTCTTCTAGTCCCTGGTCTTCTCTGGTGACACACTGGAGTGCCCAGTGCTTATGGAGGCTTGCTGGCTCAGGGCTGACATGACTGAGTCTGAATCAACTGGGAGGAGACCAACTTCAAAAGGTTCATGAGCATGCCCGTCAAGCGGCCAGT"
"rs80347459_Ref_C_RC","GCAGGAGCCGCAGTGGGCAATCCTGTGCGACTGCTTTGAGCACCTGGGGCTCTTCTAGTCCCTGGTCTTCTCTGGTGACACACTGGAGTGCCCAGTGCTTGTGGAGGCTTGCTGGCTCAGGGCTGACATGACTGAGTCTGAATCAACTGGGAGGAGACCAACTTCAAAAGGTTCATGAGCATGCCCGTCAAGCGGCCAGT"
"rs9283753_Non-Ref_T_RC","GCAGGAGCCGCAGTGTGATGTCTGCCCAATCCAACTGCCACCGTTAGCTAATTTTAGTCTTCGCTAAAGTTAAGACAAACAATTTGGGGAATTCCATATGATGCAAGATTACAGCCTCTTAGAATTTTAAAGCTGGGTCAGACATTCTTTAAATTAGCTCGTGACTCTCATTTTATTGATTAGAACGTCAAGCGGCCAGT"
"rs9283753_Ref_C_RC","GCAGGAGCCGCAGTGTGATGTCTGCCCAATCCAACTGCCACCGTTAGCTAATTTTAGTCTTCGCTAAAGTTAAGACAAACAATTTGGGGAATTCCATATGGTGCAAGATTACAGCCTCTTAGAATTTTAAAGCTGGGTCAGACATTCTTTAAATTAGCTCGTGACTCTCATTTTATTGATTAGAACGTCAAGCGGCCAGT"
